%Station,OS X,OS Y,Latitude,Longitude,Zone,Postcode
Abbey Road,539081,183352,51.531951985733,0.0037377856069111,"3",E15 3NB
Abbey Wood,547297,179002,51.49078408041,0.12028637127604,"4",SE2 9RH
Acton,520296,181196,51.516886963398,-0.26767554257793,"3",W3 0BP
Acton Central,520613,180299,51.508757812012,-0.26341579231596,"2",W3 6BD
Acton Town,519457,179639,51.503071476856,-0.2802882961706,"3",W3 8HN
Albany Park,547903,172902,51.435815590189,0.12645902197803,"5",DA5 3HP
Aldgate,533629,181246,51.514342387502,-0.075612503707184,"1",EC3N 1AH
Aldgate East,533809,181333,51.515081631079,-0.072987053548915,"1",E1 7PT
Alexandra Palace,530300,190498,51.598262836895,-0.1201345367387,"3",N22 7ST
All Saints,538012,180933,51.510476925464,-0.012610477634,"2",E14 0EH
Alperton,518025,183849,51.541209310632,-0.2995013414547,"4",HA0 4LL
Amersham,496454,198181,51.674129392062,-0.60649933056891,"9",HP6 5AZ
Anerley,534656,169942,51.412516725364,-0.065122723194277,"4",SE20 8AG
Angel,531497,183263,51.532968028132,-0.10556703413728,"1",N1 8XB
Angel Road,535204,192202,51.612420325055,-0.048718479404686,"4",N18 3AY
Archway,529356,186827,51.565490550156,-0.13510715160572,"2,3",N19 5RQ
Arnos Grove,529271,192471,51.616230157665,-0.13425577761924,"4",N11 1AN
Arsenal,531429,186107,51.558541388156,-0.10548551071377,"2",N5 1LP
Baker Street,527965,182078,51.523129639184,-0.15688978273689,"1",NW1 5LA
Balham,528482,173195,51.443182580239,-0.15267077683302,"3",SW12 9SG
Bank,532704,181111,51.513347072699,-0.088985715325045,"1",EC3V 3LA
Banstead,524590,160426,51.329293148535,-0.21311798536959,"6",SM7 1RB
Barbican,532079,181859,51.520215295016,-0.097707167852645,"1",EC1A 4JA
Barking,544405,184343,51.539521102884,0.0808460268962,"4",IG11 8TU
Barkingside,544788,189510,51.585850602534,0.088491071171579,"4",IG6 1NB
Barnehurst,550206,176193,51.464780266606,0.16096241569889,"6",DA7 6HQ
Barnes,522209,175705,51.467127801887,-0.24201866806989,"3",SW13 0LW
Barnes Bridge,521478,176255,51.472228083132,-0.25234822148068,"3",SW13 0NR
Barons Court,524133,178322,51.490228707652,-0.21341574380466,"2",W14 9DP
Battersea Park,528703,176999,51.477318340776,-0.14810936441775,"2",SW8 4NB
Bayswater,525845,180799,51.512111310915,-0.18788716574986,"1",W2 4QH
Beckenham Hill,538002,171379,51.424626059454,-0.016481381251057,"4",SE6 3NU
Beckenham Junction,537403,169840,51.410941644002,-0.025687362710869,"4",BR3 1HY
Beckton,543145,181509,51.514376621471,0.061539705886513,"3",E6 5NT
Beckton Park,542697,180887,51.508900786453,0.054836346093653,"3",E6 5NE
Becontree,547598,184442,51.539585393148,0.12689470862039,"5",RM9 4TP
Bellingham,537702,172399,51.433864895434,-0.020397386684838,"3",SE6 3BT
Belmont,525500,162098,51.344119948481,-0.19947489773285,"5",SM2 6BH
Belsize Park,527399,185075,51.550190897304,-0.1639600723677,"2",NW3 2AL
Belvedere,549498,179197,51.491958983909,0.15204819376851,"5",DA17 6JW
Bermondsey,534461,179445,51.497960787629,-0.064315686265478,"2",SE16 4RX
Berrylands,519728,168040,51.398768439892,-0.28030710499701,"5",KT5 8LT
Bethnal Green,534995,182712,51.527191747482,-0.055377698622437,"2",E2 0ET
Bethnal Green Rail,534683,182380,51.524282746211,-0.059999330521283,"2",E2 6JL
Bexley,549399,173502,51.440814511828,0.14821829873454,"6",DA5 1AQ
Bexleyheath,548294,176000,51.463549940694,0.13337735793409,"5",DA7 4AA
Bickley,542304,168799,51.400379563229,0.044318404705676,"5",BR1 2EB
Birkbeck,535297,168996,51.403863100681,-0.0562718615037,"4",BR3 4TA
Blackfriars,531738,180890,51.511586939902,-0.10298097717171,"1",EC4V 4DD
Blackheath,539604,175961,51.465408009363,0.0083509882498168,"3",SE3 9LE
Blackhorse Road,535914,189256,51.585776631411,-0.039611280026926,"3",E17 6JJ
Blackwall,538394,180649,51.507831540895,-0.0072207589795153,"2",E14 9QB
Bond Street,528497,181053,51.513797542631,-0.14959920109132,"1",W1C 2HU
Borough,532379,179734,51.501048880447,-0.094182918403389,"1",SE1 1JX
Boston Manor,516391,178755,51.495765574642,-0.32473278589022,"4",TW8 9LQ
Bounds Green,529996,191466,51.607031935983,-0.12416262739225,"3,4",N11 2EU
Bow Church,537414,182824,51.527615205643,-0.020485486059214,"2",E3 3AA
Bow Road,537148,182753,51.527041809222,-0.024345177705763,"2",E3 4DH
Bowes Park,530299,191498,51.607249528898,-0.11977778086817,"3,4",N22 8NL
Brent Cross,523905,187927,51.576599240756,-0.21332141198154,"3",NW11 9UA
Brentford,517462,177864,51.487536344613,-0.30960813639036,"4",TW8 9LF
Brentwood,559321,193036,51.613610299318,0.29968725631633,"7",CM14 4EW
Brimsdown,536297,196997,51.655244617739,-0.03107782337368,"5",EN3 7NA
Brixton,531076,175437,51.462736815606,-0.11453770490964,"2",SW9 8HE
Brockley,536405,175801,51.464749666688,-0.03773385721419,"2",SE4 2RW
Bromley North,540395,169699,51.408942308516,0.017249827752461,"4",BR1 3NN
Bromley South,540431,168705,51.400001286054,0.017373953488859,"5",BR1 1LX
Bromley-by-Bow,538034,182532,51.52484020109,-0.01166796209473,"2,3",E3 3BT
Brondesbury,524718,184460,51.545262386773,-0.20282406710345,"2",NW6 7QL
Brondesbury Park,524202,183898,51.540325391085,-0.21045952961905,"2",NW6 6RP
Broxbourne,537407,207240,51.747015568918,-0.011009600958786,"9",EN10 7AW
Bruce Grove,533758,190115,51.594011254361,-0.070384555517657,"3",N17 8AD
Buckhurst Hill,541768,193957,51.626576654655,0.046726985755,"5",IG9 5ET
Burnt Oak,520303,190728,51.602551943784,-0.26431627556888,"4",HA8 0LA
Bush Hill Park,533696,195396,51.641481967261,-0.069265963311165,"5",EN1 1BA
Bushey,511860,195318,51.645544206307,-0.38470709118099,"8",WD19 4ST
Caledonian Road,530568,184899,51.547885455043,-0.11834644235876,"2",N7 9BA
Caledonian Road and Barnsbury,530800,184393,51.543284589046,-0.11519043865212,"2",N1 0SL
Cambridge Heath,534855,183250,51.532059770708,-0.05718878628523,"2",E2 7NA
Camden Road,529140,184191,51.541851250779,-0.13918869492503,"2",NW1 9LQ
Camden Town,528920,183976,51.539969369251,-0.14243796405007,"2",NW1 8NH
Canada Water,535399,179493,51.498168417556,-0.05079271714472,"2",SE16 7BB
Canary Wharf,537558,180153,51.503578406232,-0.019452434600173,"2",E14 4QS
Canning Town,539454,181350,51.513870285695,0.0083200415480822,"3",E16 1DQ
Cannon Street,532623,180888,51.511362099463,-0.090236118885105,"1",EC4N 6AP
Canonbury,532355,184979,51.548188396024,-0.092559776199295,"2",N1 2PG
Canons Park,518208,191246,51.607650605221,-0.29437715826231,"5",HA8 6RN
Carpenders Park,511826,193386,51.628186764519,-0.38581487914664,"7",WD19 7DT
Carshalton,527737,164858,51.368426385593,-0.16638396492825,"5",SM5 2HT
Carshalton Beeches,527552,163625,51.357386860957,-0.16948196651609,"5",SM5 3LG
Castle Bar Park,515853,181770,51.522973705473,-0.33148966489625,"4",W7 1AY
Caterham,534099,155422,51.282162831704,-0.078592962360211,"6",CR3 6LB
Catford,537245,173544,51.44426491475,-0.026524111698793,"3",SE6 4XT
Catford Bridge,537363,173595,51.444694627575,-0.024807488912048,"3",SE6 4RE
Chadwell Heath,547646,187611,51.568046861857,0.12891553745986,"5",RM6 4BE
Chafford Hundred,558922,178770,51.4855544601,0.28749010037512,"7",RM16 6QQ
Chalfont and Latimer,499610,197550,51.667907547721,-0.56105332039672,"8",HP7 9PR
Chalk Farm,528126,184421,51.544149104848,-0.15371865256093,"2",NW3 2BP
Chancery Lane,531096,181642,51.518494029809,-0.11194761724718,"1",WC1V 6DR
Charing Cross,530234,180492,51.508358644804,-0.12478853109718,"1",WC2N 5HS
Charlton,541108,178387,51.486834983914,0.030956045084626,"3",SE7 7AB
Cheam,524444,163334,51.355460268652,-0.21419692461334,"5",SM3 8RZ
Chelsfield,546944,164021,51.35626456871,0.10899847900884,"6",BR6 6EU
Chesham,496048,201650,51.705380095434,-0.61141518839627,"9",HP5 1DH
Cheshunt,536652,202307,51.702873317164,-0.023872946724225,"8",EN8 9AQ
Chessington North,518415,164168,51.364243478778,-0.30046176722378,"6",KT9 2RT
Chessington South,517974,163319,51.356704567744,-0.30707466141954,"6",KT9 2DD
Chigwell,543835,193045,51.617857862487,0.076193656688014,"4",IG7 6NT
Chingford,539173,194628,51.63325337195,0.0095287721085566,"5",E4 6AL
Chipstead,527689,158275,51.309275002404,-0.16943152489582,"6",CR5 3TD
Chislehurst,543205,169405,51.40559840083,0.057506196205783,"5",BR7 5NN
Chiswick,520438,177182,51.480781526773,-0.2669989236265,"3",W4 2QE
Chiswick Park,520352,178692,51.494370746332,-0.26772251965492,"3",W4 5NE
Chorleywood,502596,196092,51.654265989674,-0.51831947385278,"7",WD3 5ND
City Thameslink,531688,181150,51.513935079961,-0.10360404036727,"1",EC4M 7JH
Clapham Common,529428,175291,51.4618036863,-0.13830051012379,"2",SW4 7AJ
Clapham High Street,529824,175709,51.465469529402,-0.13245010905033,"2",SW4 6DQ
Clapham Junction,527198,175520,51.464366804651,-0.17030060907001,"2",SW11 2QP
Clapham North,530003,175652,51.464916230409,-0.12989566953588,"2",SW4 7TS
Clapham South,528782,174259,51.452676506748,-0.1479696801021,"2,3",SW12 9DU
Clapton,534748,186531,51.561569094453,-0.057475034590784,"2",E5 9JP
Clock House,536367,169545,51.408540565451,-0.040687716905021,"4",BR3 4PR
Cobham and Stoke D'Abernon,512362,158925,51.31834723919,-0.38902199845314,"",KT11 3BW
Cockfosters,528087,196424,51.652024496788,-0.14990225857042,"5",EN4 0DZ
Colindale,521295,189937,51.595230546294,-0.25027310932225,"4",NW9 5HR
Colliers Wood,526831,170436,51.418759208995,-0.17740072104762,"3",SW19 2HR
Coulsdon South,529869,159056,51.315800960535,-0.1378887436247,"6",CR5 3EA
Covent Garden,530242,180982,51.512760249622,-0.1244924862088,"1",WC2E 9JT
Crayford,551479,174424,51.448546734577,0.17851710444575,"6",DA1 3PY
Crews Hill,530973,200109,51.684474623566,-0.10682963790553,"6",EN2 8AY
Cricklewood,524009,185907,51.558422694084,-0.21253351132178,"3",NW2 1HL
Crofton Park,536517,174739,51.455179296249,-0.036532191514461,"3",SE4 2RA
Crossharbour and London Arena,537896,179301,51.495839980525,-0.014918409980624,"2",E14 8AD
Crouch Hill,530586,187508,51.571327111387,-0.11711885796196,"3",N4 4AU
Croxley,507921,195395,51.647005333911,-0.44158934771671,"7",WD3 3DY
Crystal Palace,534120,170557,51.418170359941,-0.072592854062748,"3,4",SE19 2AZ
Custom House,540679,180911,51.509622053058,0.025786917726712,"3",E16 3BX
Cutty Sark for Maritime Greenwich,538240,177764,51.481944468688,-0.01056746798363,"2",SE10 9SW
Cyprus,543324,180863,51.508526572883,0.063855162939039,"3",E6 5PH
Dagenham Dock,548900,183000,51.526287178504,0.14504542671488,"5",RM9 6RA
Dagenham East,550284,185033,51.544187318113,0.16584784999223,"5",RM10 8AA
Dagenham Heathway,549035,184665,51.541211772284,0.14769413756505,"5",RM9 5AN
Dalston Junction,533580,184778,51.546093724339,-0.07497978585502,"2",E8 3DL
Dalston Kingsland,533487,185062,51.548667827094,-0.076212502172009,"2",E8 2JS
Dartford,554233,174379,51.447399615703,0.21809793611023,"",DA1 1BP
Debden,544275,196133,51.645491990883,0.083815925291538,"6",IG10 3TG
Denmark Hill,532697,176087,51.468200650033,-0.090973475173744,"2",SE5 8BB
Deptford,537165,177395,51.478890086282,-0.026181921788286,"2",SE8 3NU
Deptford Bridge,537466,176912,51.474476774061,-0.022038032405853,"2,3",SE10 8BU
Devons Road,537603,182233,51.522258469272,-0.017993342742124,"2",E3 3QX
Dollis Hill,522207,185132,51.551850619529,-0.23878334100376,"3",NW10 5NB
Drayton Green,516002,180998,51.516004715297,-0.32959685045955,"4",W13 0JX
Drayton Park,531426,185499,51.553078319423,-0.10575577858654,"2",N5 1NT
Ealing Broadway,517920,180915,51.51486201146,-0.30199597251937,"3",W5 2NU
Ealing Common,518963,180426,51.510248690463,-0.28713701041592,"3",W5 3LD
Earls Court,525457,178480,51.491356695274,-0.19429940765557,"1,2",SW5 9QA
Earlsfield,526081,173030,51.442238829835,-0.18725830238926,"3",SW18 4SW
East Acton,521656,181159,51.516263444214,-0.2480978154307,"2",W12 0BP
East Croydon,532904,165801,51.37571611266,-0.091849130629116,"5",CR0 1LF
East Dulwich,533449,175375,51.461625592168,-0.080422179162408,"2",SE22 8EF
East Finchley,527242,189204,51.587332564437,-0.16472945405368,"3",N2 0NW
East Ham,542373,184255,51.539246158049,0.051530710126145,"3,4",E6 2JA
East India,538729,180753,51.508684006054,-0.0023559243798497,"2,3",E14 9PS
East Putney,524387,174840,51.458879808899,-0.21098384278422,"2,3",SW15 6SN
Eastcote,511191,187627,51.576551871493,-0.39680887105797,"5",HA5 1QZ
Eden Park,537396,167598,51.390796105685,-0.026655345425249,"5",BR3 3HQ
Edgware,519527,192009,51.614229655466,-0.27507922607818,"5",HA8 7AW
Edgware Road (Bakerloo),527026,181778,51.520645381678,-0.17052514070378,"1",W2 1DY
Edgware Road (Circle/District/Hammersmith and City),527227,181711,51.51999806318,-0.1676538436008,"1",NW1 5DH
Edmonton Green,534273,193590,51.625115709648,-0.061624575457523,"4",N9 9DX
Elephant and Castle,531940,179144,51.495849394281,-0.10072431173602,"1,2",SE1 6LW
Elm Park,552446,185647,51.549124559422,0.19726710182967,"6",RM12 4RW
Elmers End,535788,168389,51.398291114164,-0.049449459806297,"4",BR3 4EJ
Elmstead Woods,542247,170656,51.417080625514,0.044243721084371,"4",BR7 5EW
Elstree and Borehamwood,519098,196299,51.652875609998,-0.27981416681958,"6",WD6 3LS
Eltham,542690,174962,51.455662213853,0.052343698204214,"4",SE9 6UB
Elverson Road,537848,176243,51.468372191483,-0.016801981736488,"2,3",SE8 4LA
Embankment,530406,180380,51.507312509276,-0.12235292981979,"1",WC2N 6NS
Emerson Park,553971,187918,51.569114881318,0.22023736048149,"6",RM11 2JR
Enfield Chase,532181,196607,51.652722121848,-0.090689752730328,"5",EN2 7AA
Enfield Lock,536437,198737,51.670846125012,-0.02837661157186,"6",EN3 6BW
Enfield Town,532970,196544,51.651970081543,-0.079315469569566,"5",EN1 1YB
Epping,546197,201552,51.69368615157,0.11384001852178,"6",CM16 4HW
Epsom Downs,522805,159756,51.323659467583,-0.23895587775184,"6",KT17 4JX
Erith,551075,178096,51.481647653094,0.17427568781302,"6",DA8 1TY
Essex Road,532114,184132,51.540633322162,-0.096351108662094,"2",N1 2SU
Euston,529587,182735,51.528664346375,-0.13328205840994,"1",NW1 2DU
Euston Square,529587,182735,51.528664346375,-0.13328205840994,"1",NW1 2BN
Ewell East,522571,162152,51.345243905271,-0.24148864560939,"6",KT17 1QR
Ewell West,521473,162654,51.349991173131,-0.25707477581385,"6",KT17 1TU
Fairlop,544902,190655,51.59610953153,0.090607714208087,"4",IG6 3HD
Falconwood,544498,175394,51.459085786225,0.078524084551238,"4",SE9 2RN
Farringdon,531585,181844,51.520195700647,-0.10482865117184,"1",EC1M 6BY
Feltham,510601,173298,51.44787922275,-0.40981009327567,"6",TW13 4BY
Fenchurch Street,533434,180932,51.511566715013,-0.078539744740966,"1",EC3M 4AJ
Finchley Central,525232,190664,51.600903273752,-0.19320620063466,"4",N3 2RY
Finchley Road,526293,184703,51.547096220268,-0.18003614128656,"2",NW6 3BS
Finchley Road and Frognal,526035,185033,51.550119520279,-0.18363678247277,"2",NW3 5HT
Finsbury Park,531385,186784,51.564635458062,-0.10586706135916,"2",N4 3JU
Forest Gate,540447,185322,51.54931611531,0.024203511499168,"3",E7 0QH
Forest Hill,535398,172943,51.439308318386,-0.053314119078799,"3",SE23 3HD
Fulham Broadway,525402,177244,51.480260927016,-0.19552976561085,"2",SW6 1BY
Fulwell,514832,171841,51.433942607741,-0.34942414136408,"6",TW2 5NY
Gallions Reach,543873,180935,51.509034130657,0.071789801687878,"3",E6 6FZ
Gants Hill,543266,188432,51.576552943422,0.066098526398209,"4",IG2 6UD
Gidea Park,552941,189306,51.581865720882,0.20599141081423,"6",RM2 6BX
Gipsy Hill,533321,171237,51.424469532451,-0.083820786846549,"3",SE19 1PL
Gloucester Road,526196,178848,51.494499579725,-0.18352915689619,"1",SW7 4SF
Golders Green,525199,187471,51.572215556655,-0.19482013198437,"3",NW11 7RN
Goldhawk Road,523131,179616,51.502076993967,-0.22738960127533,"2",W12 8EG
Goodge Street,529505,181837,51.520613125487,-0.13479327927061,"1",W1T 2HF
Goodmayes,546462,187369,51.566180968146,0.11174407958328,"4",IG3 9UH
Gordon Hill,531889,197799,51.663502248565,-0.09445884360504,"5",EN2 0QU
Gospel Oak,528263,185677,51.555405311264,-0.15128661069808,"2",NW5 1LT
Grange Hill,544963,192590,51.613480413753,0.092286969949084,"4",IG7 5QB
Grange Park,531753,195472,51.642623088692,-0.09729997426098,"5",N21 1RE
Great Portland Street,528861,182174,51.52378881305,-0.14394701338886,"1",W1W 5PP
Green Park,529012,180283,51.506760501463,-0.14246316907526,"1",W1J 7BX
Greenford,514808,183861,51.541980112836,-0.34586432267848,"4",UB6 8PR
Greenwich,537956,177267,51.477547665535,-0.014848686252722,"2,3",SE10 8JQ
Grove Park,540702,172099,51.430432640396,0.022612884710894,"4",SE12 0PW
Gunnersbury,519843,178401,51.491863444709,-0.27514973411264,"3",W4 5RP
Hackbridge,528582,165929,51.377860917901,-0.15386483218978,"4",SM6 7BJ
Hackney Central,534922,184943,51.547257451286,-0.055575092639468,"2",E8 1LL
Hackney Downs,534598,185137,51.549078092042,-0.060170685150219,"2",E8 1LA
Hackney Wick,537036,184588,51.543558409072,-0.025245084630728,"2",E9 5ER
Hadley Wood,526197,198199,51.668402892286,-0.17656673195017,"6",EN4 0EJ
Haggerston,533560,183953,51.538684738939,-0.075580841462924,"2",E8 4DY
Hainault,545124,191411,51.602845314928,0.094122987217226,"4",IG6 3BD
Hammersmith (District),523474,178483,51.491819802914,-0.22284652701972,"2",W6 9YA
Hammersmith (Met.),523346,178665,51.493483379174,-0.22462575515926,"2",W6 0ED
Hampstead,526408,185757,51.556542616677,-0.17800013773286,"2",NW3 1QG
Hampstead Heath,527344,185631,51.555199944256,-0.16455176144825,"3",NW3 2QD
Hampton,513299,169797,51.415879597557,-0.37212087604547,"6",TW12 2HU
Hampton Court,515376,168332,51.40229391894,-0.34274277866957,"6",KT8 9AE
Hampton Wick,517407,169752,51.414640080192,-0.31308923226487,"6",KT1 4DQ
Hanger Lane,518506,182621,51.530072069094,-0.29298173181915,"3",W5 1DL
Hanwell,515426,180560,51.512185998837,-0.33803747641273,"4",W7 3EB
Harlesden,520952,183367,51.536258358843,-0.25748125850322,"3",NW10 8UT
Harold Wood,554858,190626,51.593202188506,0.2342185071783,"6",RM3 0BL
Harringay,531395,188200,51.577357921799,-0.10519382370901,"3",N4 1RW
Harringay Green Lanes,531880,188189,51.57714590447,-0.098202962998489,"3",N4 2NU
Harrow and Wealdstone,515486,189508,51.592594673236,-0.33423825163137,"5",HA3 7RF
Harrow-on-the-Hill,515329,188035,51.579388159582,-0.33698708805734,"5",HA1 1BB
Hatch End,513024,191370,51.609828548789,-0.36916434211502,"6",HA5 5LZ
Hatton Cross,509614,175369,51.466685355642,-0.42336616986103,"5,6",TW6 3PF
Haydons Road,526012,171161,51.425457340854,-0.18891497843117,"3",SW19 8SL
Hayes,540003,165993,51.37573670506,0.010157017878448,"5",BR2 7EN
Hayes and Harlington,509717,179417,51.50304912563,-0.42062749859031,"5",UB3 4BX
Headstone Lane,513892,190574,51.602499669538,-0.35689307782418,"5",HA2 6NB
Heathrow Terminal 4,507939,174565,51.45978048411,-0.44771519861354,"6",TW6 3AA
Heathrow Terminal 5,504934,175642,51.470025485584,-0.49063310869077,"6",TW6 2GA
Heathrow Terminals 1 2 3,507587,175838,51.47128945567,-0.45239283063262,"6",TW6 1EB
Hendon,522143,188271,51.580075012022,-0.23861609099829,"3,4",NW4 4PT
Hendon Central,522959,188631,51.583133074092,-0.2267197095034,"3,4",NW4 3AS
Herne Hill,531934,174486,51.453991381788,-0.10254851838021,"2,3",SE24 0JW
Heron Quays,537386,180127,51.503386571015,-0.021939126563571,"2",E14 4JH
High Barnet,525027,196310,51.651688276705,-0.19415092780429,"5",EN5 5RP
High Street Kensington,525622,179527,51.500729468384,-0.19155165303998,"1",W8 5SA
Highams Park,538581,191841,51.608355993014,-0.00012084723573169,"4",E4 9LA
Highbury and Islington,531562,184770,51.546495518926,-0.10406772078143,"2",N1 1SE
Highgate,528503,188158,51.57764663481,-0.14692043327249,"3",N6 5BH
Hillingdon,507567,185015,51.55377757066,-0.44988357245777,"6",UB10 9NR
Hither Green,538997,174497,51.452401721767,-0.00095652287067613,"3",SE13 5NF
Holborn,530553,181488,51.517235749261,-0.11982609759457,"1",WC2B 6AA
Holland Park,524564,180215,51.507146508744,-0.20654337129402,"2",W11 3RB
Holloway Road,530930,185457,51.55281611672,-0.11292127587712,"2",N7 8HS
Homerton,536108,184901,51.546595450822,-0.038497927971748,"2",E9 5SD
Honor Oak Park,536002,174221,51.450648245652,-0.044138732242293,"3",SE23 3LE
Hornchurch,553931,186274,51.554355082156,0.21894141805997,"6",RM12 6LS
Hornsey,530911,189202,51.586474864733,-0.11180120639571,"3",N8 8SE
Hounslow,513902,174998,51.46250486146,-0.36178186366717,"5",TW3 3DL
Hounslow Central,513592,175928,51.470925810282,-0.36594373417825,"4",TW3 1JG
Hounslow East,514327,176254,51.473707937461,-0.35526092596841,"4",TW3 4AB
Hounslow West,512215,176140,51.473105762632,-0.38569323300198,"5",TW3 3DH
Hoxton,533582,183142,51.531391621283,-0.075571232880956,"1,2",E2 8HR
Hyde Park Corner,528330,179801,51.502584030904,-0.15245970877887,"1",SW1X 7LY
Ickenham,508127,185811,51.560825107127,-0.44156508942605,"6",UB10 8PD
Ilford,543501,186501,51.559142232556,0.06869961398625,"4",IG1 4DU
Imperial Wharf,526299,176674,51.474938948929,-0.18282310826897,"2",SW6 2HA
Island Gardens,538228,178432,51.487950088882,-0.010478902499309,"2",E14 3FA
Isleworth,515570,176430,51.475037464523,-0.33731436875817,"4",TW7 4BX
Kenley,532400,160100,51.324600324285,-0.10120536334161,"6",CR8 5JA
Kennington,531660,178337,51.488662470707,-0.10505621257104,"2",SE11 4JQ
Kensal Green,523241,182784,51.530524241234,-0.22469897011847,"2",NW10 5JT
Kensal Rise,523501,183201,51.53421509119,-0.22080656353585,"2",NW10 3NT
Kensington (Olympia),524324,179178,51.497879724483,-0.21036483866639,"2",W14 0NE
Kent House,535999,170000,51.412717664303,-0.045801176185629,"4",BR3 1HY
Kentish Town,529029,185096,51.550009538423,-0.14045684366827,"2",NW5 2AA
Kentish Town West,528603,184700,51.546547987029,-0.14674199079293,"2",NW5 3LD
Kenton,516833,188304,51.581496322037,-0.31520243664979,"4",HA3 0XS
Kew Bridge,518898,178172,51.49000465091,-0.28883209363752,"3",TW8 0EF
Kew Gardens,519173,176708,51.476789170755,-0.28536661446493,"3,4",TW9 3PZ
Kidbrooke,540999,175697,51.462690183933,0.028314631821257,"3",SE3 9NF
Kilburn,524589,184644,51.546944459981,-0.20461829997264,"2",NW6 7QL
Kilburn High Road,525553,183591,51.537267764059,-0.19109868962017,"2",NW6 7QL
Kilburn Park,525361,183349,51.535135560206,-0.19395164168612,"2",NW6 5AD
King George V,543231,180135,51.502008599189,0.062220618931645,"3",E16 2JF
King's Cross,530312,182991,51.53079820546,-0.12274200728123,"1",N1 9AL
Kings Cross St. Pancras,530236,182935,51.530312476892,-0.12385771561154,"1",NW1 2BA
Kingsbury,519361,188739,51.584876550714,-0.27858717715014,"4",NW9 9EG
Kingston,518244,169549,51.412641800653,-0.30112666341862,"6",KT1 1UJ
Kingswood,524816,156585,51.29472316433,-0.21121888607947,"6",KT20 6EN
Knightsbridge,527765,179650,51.501354916808,-0.16065008131194,"1",SW3 1ED
Knockholt,548499,162896,51.345751922698,0.13084539482109,"6",TN14 7HR
Ladbroke Grove,524284,181328,51.517210698742,-0.21018376269161,"2",W10 6HJ
Ladywell,537716,174884,51.45619213691,-0.019230010500554,"3",SE13 7XB
Lambeth North,531165,179489,51.499129959063,-0.11175385704735,"1",SE1 7XG
Lancaster Gate,526711,180796,51.511890964101,-0.17541552045722,"1",W2 4QH
Langdon Park,537807,181863,51.518883939693,-0.015199388573999,"2",E14 6NW
Latimer Road,523789,180954,51.513958124663,-0.21744525733064,"2",W10 6SZ
Lee,540002,174197,51.449458517716,0.013379080898623,"3",SE12 9JG
Leicester Square,529987,180812,51.511291196842,-0.12822773962177,"1",WC2H 0AP
Lewisham,538163,175863,51.464880714235,-0.012418307529155,"2,3",SE13 7RY
Leyton,538295,186244,51.55813227051,-0.0064509088011814,"3",E10 5PS
Leyton Midland Road,538150,187490,51.569364239801,-0.0080519210997184,"3",E10 6JT
Leytonstone,539345,187429,51.568522287449,0.009154878018083,"3,4",E11 1HE
Leytonstone High Road,539298,186903,51.563807342647,0.0082688934065806,"3",E11 4RE
Limehouse,536150,181087,51.512312167848,-0.039365669438682,"2",E14 7JD
Liverpool Street,533160,181596,51.517598273919,-0.082235212309326,"1",EC2M 7PR
London Bridge,532937,180152,51.504674357597,-0.085991192281661,"1",SE1 2SW
London City Airport,542231,180294,51.50368965775,0.047887121033287,"3",E16 2DS
London Fields,534795,184212,51.540718847663,-0.057685269137809,"2",E8 3PH
Loughborough Junction,531902,175897,51.46667891193,-0.10248294761392,"2",SW9 8SA
Loughton,542314,195641,51.641570470369,0.055293528321119,"6",IG10 4PD
Lower Sydenham,536831,171372,51.424846846074,-0.033315960742811,"4",SE26 5AU
Maida Vale,525967,182792,51.529995078969,-0.18541823310956,"2",W9 1JS
Malden Manor,521101,166497,51.384609567544,-0.26110604834896,"4",KT3 5PN
Manor House,532074,187482,51.570747151453,-0.095670549505162,"2,3",N4 1BZ
Manor Park,541929,185757,51.552854343905,0.045738291167029,"3,4",E12 5EP
Mansion House,532347,180962,51.512091761163,-0.094183249527509,"1",EC4N 6JD
Marble Arch,527875,181056,51.513965510738,-0.15855680746603,"1",W1C 2JS
Maryland,539175,184881,51.545668269809,0.0056960730233714,"3",E15 1SA
Marylebone,527510,181985,51.522396687994,-0.16347815242029,"1",NW1 6JJ
Maze Hill,539194,177909,51.483013655604,0.0032192958995991,"3",SE10 9XG
Mile End,536577,182545,51.525310973905,-0.032651671918221,"2",E3 4DH
Mill Hill Broadway,521300,191900,51.612871158046,-0.24952262850911,"4",NW7 2JU
Mill Hill East,524057,191460,51.608316669912,-0.20988127429344,"4",NW7 1BS
Mitcham Eastfields,528488,169323,51.408383928225,-0.15398734320935,"3",CR4 2ND
Mitcham Junction,528292,167611,51.39304258672,-0.15742227287945,"4",CR4 4HN
Monument,532907,180814,51.510630425959,-0.086173905918798,"1",EC4R 9AA
Moor Park,508563,193509,51.629930718133,-0.4328985822977,"6,7",HA6 2JQ
Moorgate,532688,181677,51.518437149414,-0.08900327764505,"1",EC2M 6TX
Morden,525664,168563,51.402185984981,-0.19483760810466,"4",SM4 5AZ
Morden South,525301,167900,51.396307721608,-0.20028719027858,"4",SM4 5AN
Mornington Crescent,529193,183359,51.534362233874,-0.1387299346061,"2",NW1 2JA
Mortlake,520458,175779,51.468167968359,-0.26718891965297,"3",SW14 8LN
Motspur Park,522581,167724,51.395319655441,-0.23942537454861,"4",KT3 6JJ
Mottingham,542600,173197,51.439824969906,0.050338587672779,"4",SE9 4EN
Mudchute,537908,178789,51.491236186648,-0.014945543221677,"2",E14 9UW
Neasden,521415,185422,51.554627747213,-0.25010062378951,"3",NW10 1PH
New Barnet,526502,195996,51.648536790554,-0.17295526264108,"5",EN5 1QT
New Beckenham,536718,170463,51.41670555246,-0.035290571074268,"4",BR3 1QW
New Cross,536750,177110,51.476429418617,-0.032264414494673,"2",SE14 6LD
New Cross Gate,536250,176967,51.475264932486,-0.039514655295107,"2",SE14 6AR
New Eltham,544005,172999,51.437690651019,0.070459003212279,"4",SE9 2AB
New Malden,521392,168612,51.403555937615,-0.25620373217155,"4",KT3 4PX
New Southgate,528672,192218,51.614093683634,-0.14299533557942,"4",N11 1QH
Newbury Park,544947,188378,51.575638344309,0.090317586010402,"4",IG2 7RN
Norbiton,519424,169495,51.411909385349,-0.28418557131983,"5",KT2 7AZ
Norbury,530650,169690,51.411188517406,-0.12278502535626,"3",SW16 3RW
North Acton,520831,181937,51.523432458806,-0.25971511616691,"2,3",W3 6UP
North Dulwich,532950,174567,51.454481818931,-0.087904290624922,"2,3",SE21 7BX
North Ealing,518816,181243,51.517622323819,-0.28897914280262,"3",W5 3AF
North Greenwich,539168,179827,51.500255151591,0.0036006636371896,"2,3",SE10 0PH
North Harrow,513540,188578,51.584631342978,-0.3626185623764,"5",HA2 7SR
North Sheen,519132,175442,51.465419645874,-0.28638307337002,"3",TW9 4QA
North Wembley,517663,186198,51.562396328364,-0.30393379535805,"4",HA0 3NT
Northfields,517051,179296,51.500491708619,-0.31505041439224,"3",W13 9QU
Northolt,513228,184519,51.548212945697,-0.36842617615208,"5",UB5 4AA
Northolt Park,513829,185579,51.557619094925,-0.35941977403748,"5",UB5 4XE
Northwick Park,516634,187967,51.5785087266,-0.31818496289702,"4",HA3 0AT
Northwood,509236,191441,51.611213662308,-0.42382334746562,"6",HA6 2XL
Northwood Hills,510267,190305,51.600802695129,-0.40929692189409,"6",HA6 1NZ
Norwood Junction,534001,168193,51.396954330829,-0.075195484483074,"4",SE25 5AG
Notting Hill Gate,525296,180481,51.509375359878,-0.1959072111467,"1,2",W11 3HT
Nunhead,535293,175975,51.466579990247,-0.053665348737765,"2",SE15 3XE
Oakleigh Park,527001,194800,51.637676382963,-0.16618051866214,"4",EN5 1BU
Oakwood,529349,195968,51.64763797617,-0.1318390886991,"5",N14 4UT
Ockendon,559004,182828,51.521989609028,0.29049788622813,"7",RM15 6PD
Old Street,532764,182474,51.525581481862,-0.087608545343845,"1",EC1V 9NR
Orpington,545500,165900,51.373520035814,0.089043266168332,"6",BR6 0SX
Osterley,514529,177094,51.481216852781,-0.3520816978192,"4",TW7 4PU
Oval,531108,177516,51.481412613811,-0.11330667730935,"2",SE11 4PP
Oxford Circus,529102,181227,51.515223419245,-0.14082176208955,"1",W1C 2JS
Paddington,526680,181185,51.515393806532,-0.17572234283505,"1",W2 1RH
Palmers Green,530925,192798,51.618786761028,-0.11025805805573,"4",N13 4PN
Park Royal,519074,182274,51.526834054645,-0.28491450496891,"3",W5 3EL
Parsons Green,525029,176645,51.474960176772,-0.20111009589714,"2",SW6 4HU
Peckham Rye,534152,176271,51.469511372801,-0.069969158361951,"2",SE15 5DQ
Penge East,535374,170791,51.41997535513,-0.054480885538245,"4",SE20 7BQ
Penge West,534952,170567,51.418062935027,-0.060631385884983,"4",SE20 8NU
Perivale,516404,183270,51.536341860358,-0.32305600630537,"4",UB6 7NP
Petts Wood,544440,167548,51.388598981243,0.074494399194959,"5",BR5 1LZ
Piccadilly Circus,529612,180625,51.509696764476,-0.13369718974012,"1",W1J 9HS
Pimlico,529711,178386,51.489552877924,-0.1330938573102,"1",SW1V 2JA
Pinner,512233,189409,51.592361724428,-0.38120935690424,"5",HA5 5LZ
Plaistow,540058,183305,51.531288332324,0.017795056275962,"3",E13 0DY
Plumstead,544803,178820,51.489792413595,0.084314017745385,"4",SE18 7EA
Ponders End,536097,195599,51.642730695,-0.034510654933282,"5",EN3 4LA
Pontoon Dock,541226,180102,51.502216211037,0.033340112607835,"3",E16 2SB
Poplar,537698,180603,51.507588072081,-0.017261086484836,"2",E14 0DS
Preston Road,518260,187292,51.572103763883,-0.29495758553154,"4",HA3 0PS
Prince Regent,541215,180905,51.509434545079,0.033502981448267,"3",E16 3HE
Pudding Mill Lane,537930,183585,51.53432785535,-0.012754096692901,"2,3",E15 2PH
Purfleet,555417,178174,51.481172976438,0.23678923416561,"7",RM16 1PL
Purley,531500,161497,51.337363567516,-0.11359916443804,"6",CR8 2AP
Purley Oaks,532503,162594,51.346989351539,-0.098800976652713,"6",CR2 0ND
Putney,523992,175061,51.460952556568,-0.21658898147399,"2,3",SW15 1RT
Putney Bridge,524476,175842,51.467865362703,-0.20935102262327,"2",SW6 3UH
Queens Park,524612,183239,51.534312675201,-0.20478373421795,"2",NW6 6HJ
Queens Road Peckham,535015,176825,51.474284715779,-0.057340582526957,"2",SE15 2JR
Queensbury,518802,189728,51.593883010111,-0.28631716346916,"4",HA8 5NP
Queenstown Road,528763,176738,51.47495914471,-0.14734091559888,"2",SW8 3RX
Queensway,525883,180615,51.510449255439,-0.18740549543317,"1",W2 4SS
Radlett,516375,199856,51.685413310275,-0.31797317069656,"",WD7 7AP
Rainham,552097,182099,51.517340491331,0.19070638530502,"6",RM13 9YH
Ravensbourne,538699,170201,51.413870378956,-0.0069234381730423,"4",BR3 5HE
Ravenscourt Park,522558,178711,51.494068008984,-0.23595483065011,"2",W6 0UG
Rayners Lane,512979,187538,51.575396777398,-0.371046385824,"5",HA5 5EG
Raynes Park,523206,169303,51.409375373186,-0.22989856350727,"4",SW20 8NE
Rectory Road,534001,186199,51.558763484573,-0.068371241749211,"2",N16 7QB
Redbridge,541833,188371,51.576366911264,0.045408472505876,"4",IG4 5BG
Reedham,530835,160821,51.331441727656,-0.12338827286968,"6",CR8 2DG
Regents Park,528765,182174,51.52381069054,-0.14532999904559,"1",NW1 5HA
Richmond,518072,175174,51.463232922347,-0.30172474133933,"4",TW9 2AZ
Rickmansworth,505717,194605,51.640323072212,-0.47367013575456,"7",WD3 1QY
Riddlesdown,532497,161001,51.332674842588,-0.099479315537562,"6",CR8 1HN
Roding Valley,541612,192882,51.616956440142,0.044040648415103,"4",IG9 6LN
Romford,551377,188455,51.574641568849,0.18306970022131,"6",RM1 1SX
Rotherhithe,535239,179870,51.501594510808,-0.052951891484305,"2",SE16 4LF
Royal Albert,542029,180823,51.508493863562,0.045191552169371,"3",E16 2QD
Royal Oak,525764,181485,51.518294375269,-0.18880926348942,"2",W2 6ET
Royal Victoria,540139,180833,51.509055232332,0.017979819853408,"3",E16 1DE
Ruislip,509510,187102,51.57216197222,-0.42122049909957,"6",HA4 8LD
Ruislip Gardens,510367,185763,51.559960227907,-0.40927968814014,"5",HA4 6LG
Ruislip Manor,510088,187258,51.573451624726,-0.41283492710738,"6",HA4 9AA
Russell Square,530207,182122,51.523013052867,-0.12457578611157,"1",WC1N 1LG
Sanderstead,532855,162743,51.34824626461,-0.093694143249397,"6",CR2 0PL
Selhurst,532993,167636,51.39218578041,-0.089884666539009,"4",SE25 6LL
Seven Kings,545401,187095,51.563993339397,0.096333999350604,"4",IG3 8RE
Seven Sisters,533646,188927,51.583362168372,-0.0724523920649,"3",N15 5LA
Shadwell,534936,180942,51.51130016173,-0.056904799137598,"2",E1 2QE
Shenfield,561356,195022,51.630873056088,0.32996670993987,"7",CM15 8JD
Shepherds Bush,523741,179904,51.50453217729,-0.21850475368199,"2",W12 8LH
Shepherds Bush Market,523121,180039,51.505880735504,-0.22738608723774,"2",W12 7JD
Shoreditch High Street,533501,182258,51.523466827911,-0.077073012851082,"1",E1 6AW
Shortlands,539399,169300,51.40560236593,0.0027819191560382,"4",BR2 0JA
Sidcup,546300,172698,51.43439844437,0.10332974285774,"5",DA15 7AW
Silver Street,533544,192472,51.615242486372,-0.072575300701906,"4",N18 1QX
Slade Green,552250,176584,51.467747631244,0.19053278174752,"6",DA8 2NX
Sloane Square,528080,178657,51.492359782932,-0.1564744555002,"1",SW1W 8BB
Smitham,530098,159802,51.322452969178,-0.13433270854947,"6",CR5 2JA
Snaresbrook,540161,188828,51.580891270601,0.021478357761873,"4",E11 1QE
South Acton,520166,179279,51.499685861011,-0.27020080333496,"3",W3 0DS
South Bermondsey,535156,178319,51.487676621549,-0.054740420692279,"2",SE16 2PL
South Croydon,532896,164358,51.362750208796,-0.092503001948904,"5",CR2 7PA
South Ealing,517605,179437,51.501644057917,-0.30702584019952,"3",W5 4QB
South Hampstead,526425,184081,51.541476868984,-0.1783567825076,"2",NW8 0DJ
South Harrow,514334,186376,51.564680211138,-0.35187954635816,"5",HA2 8HN
South Kensington,526865,178817,51.494071386411,-0.17390862058942,"1",SW7 2NB
South Kenton,517350,187153,51.571044486824,-0.30812855062663,"4",HA9 8QT
South Merton,524917,168662,51.403240579864,-0.20553592740103,"4",SW20 9JT
South Quay,537636,179853,51.500863608239,-0.018446287979256,"2",E14 9SH
South Ruislip,511080,185437,51.55689035096,-0.39910148824501,"5",HA4 6TP
South Tottenham,533697,188599,51.580402594532,-0.071841526783666,"3",N15 6ND
South Wimbledon,525828,170033,51.41536073293,-0.19196016848772,"3,4",SW19 1DE
South Woodford,540577,190026,51.591552612383,0.027957511681624,"4",E18 1JJ
Southall,512620,179804,51.505956957579,-0.37869678379695,"4",UB2 4AA
Southbury,534803,196199,51.648433731335,-0.052968859157203,"5",EN3 4HW
Southfields,524730,173291,51.444883338258,-0.20659499856664,"3",SW18 5RJ
Southgate,529675,194278,51.63237586338,-0.12775560097809,"4",N14 5BH
Southwark,531566,180025,51.503853632869,-0.10578053394541,"1",SE1 8NW
St Helier,525408,167191,51.389912187517,-0.19900022218424,"4",SM4 6SF
St James Street,536402,188694,51.580608667586,-0.032790131848525,"3",E17 7PJ
St Johns,537400,176298,51.468975297065,-0.023226267171585,"2",SE8 4EW
St Margarets,516732,174250,51.455206030249,-0.32130985776381,"4",TW1 2LH
St Mary Cray,546698,168298,51.394759394244,0.10723227089692,"6",BR5 3SN
St Pancras,530122,182959,51.530554416571,-0.12549136793246,"1",NW1 2QP
St. James's Park,529629,179503,51.499609810342,-0.13386435110426,"1",SW1H 0BD
St. Johns Wood,526742,183352,51.534854431713,-0.17405042505482,"2",NW8 6DN
St. Pauls,532105,181261,51.51483530739,-0.097556591574387,"1",EC2V 6AA
Stamford Brook,521913,178738,51.494449997347,-0.24523190696758,"2",W6 0SB
Stamford Hill,533381,187928,51.574447612615,-0.076653913978365,"3",N16 5AG
Stanmore,517574,192569,51.6196734807,-0.30308485086488,"5",HA7 4PD
Star Lane,539148,182091,51.520604250081,0.0042054135552674,"3",E16 4SR
Stepney Green,535566,182149,51.521995838874,-0.047368111957746,"2",E1 4AQ
Stockwell,530473,176470,51.472159270341,-0.12283190859196,"2",SW9 9AE
Stoke Newington,533710,186845,51.564637618307,-0.072320969849242,"2",N16 6YA
Stonebridge Park,519690,184197,51.54398658738,-0.27538602336732,"3",NW10 0RW
Stoneleigh,522021,164155,51.363364082259,-0.248695295654,"5",KT17 2JA
Stratford,538533,184421,51.541692579295,-0.0037372234417709,"3",E15 1AZ
Stratford High Street,538729,184032,51.538148951165,-0.001065939537146,"3",E15 3PA
Stratford International,538175,184758,51.54480853536,-0.0087640154463654,"3",E15 2LZ
Strawberry Hill,515500,172502,51.439747873261,-0.33960334587097,"5",TW1 4PP
Streatham,529946,171303,51.425845878375,-0.13231111566835,"3",SW16 6HP
Streatham Common,529729,170534,51.418984686908,-0.13571178617484,"3",SW16 5NT
Streatham Hill,530233,172714,51.438460380547,-0.1276670964405,"3",SW2 4PA
Sudbury and Harrow Road,516853,185300,51.554493821699,-0.31591182033013,"4",HA0 2HA
Sudbury Hill,515427,185584,51.557339600086,-0.33637769283987,"4",HA1 3RA
Sudbury Hill Harrow,515490,185697,51.558342313079,-0.33543227050831,"4",HA1 3RJ
Sudbury Town,516832,184955,51.551397480891,-0.31632906529511,"4",HA0 2LA
Sundridge Park,540599,170200,51.413393796204,0.020379486210958,"4",BR1 3TR
Surbiton,518070,167315,51.392599569913,-0.3043701893312,"6",KT6 4PE
Surrey Quays,535641,178954,51.493266862158,-0.047515585346921,"2",SE16 2UE
Sutton,526028,163823,51.359506158142,-0.19128765090448,"5",SM1 1JA
Sutton Common,525593,165598,51.375554718505,-0.19690554710689,"4",SM1 3HY
Swiss Cottage,526611,184259,51.543034867714,-0.17561218648329,"2",NW3 6HY
Sydenham,535311,171609,51.427341258001,-0.055074289357489,"3",SE26 5EU
Sydenham Hill,533548,172145,51.432575896828,-0.080215824663043,"3",SE21 7HW
Syon Lane,516306,177163,51.481474727333,-0.32648063620347,"4",TW7 5NT
Tadworth,523097,156199,51.291627892489,-0.23599367683683,"6",KT20 5SP
Tattenham Corner,522593,158140,51.309181339608,-0.24255192829864,"6",KT18 5PR
Teddington,516019,170817,51.424497537357,-0.3326909565597,"6",TW11 9AA
Temple,530995,180810,51.51104062071,-0.11371134239066,"1",WC2R 2PH
Thames Ditton,515721,166818,51.388616113023,-0.33827846842909,"6",KT7 0PA
Theobalds Grove,535933,201119,51.692372592735,-0.034733669022743,"7",EN8 7BG
Theydon Bois,545509,199180,51.672552069981,0.10290519530392,"6",CM16 7EU
Thornton Heath,532242,168317,51.398481089859,-0.10041879260042,"4",CR7 8RX
Tolworth,519834,165603,51.376843349784,-0.27960574939507,"5",KT5 9NU
Tooting,527969,170591,51.419896651766,-0.16098809293112,"3",SW17 9JR
Tooting Bec,528015,172366,51.435838083172,-0.15968610811001,"3",SW17 9AH
Tooting Broadway,527415,171373,51.42704916499,-0.16867014599257,"3",SW17 0SU
Tottenham Court Road,529774,181354,51.51621088565,-0.13109602942553,"1",W1D 2DA
Tottenham Hale,534483,189465,51.587997785049,-0.060173390466137,"3",N17 9LR
Totteridge and Whetstone,526111,193951,51.63024674119,-0.17933981753571,"4",N20 9QP
Tower Gateway,533725,180809,51.510392650922,-0.074395469530797,"1",EC3N 1JL
Tower Hill,533566,180805,51.510394282129,-0.076686790760475,"1",EC3N 4DJ
Tufnell Park,529200,185816,51.556440814333,-0.13772775294192,"2",N19 5QB
Tulse Hill,531797,172903,51.4397974399,-0.10510812362275,"3",SE27 9BW
Turkey Street,535129,198903,51.672653666247,-0.047215472250329,"6",EN3 5TT
Turnham Green,521267,178804,51.495181971972,-0.25451016527384,"2",W4 1LR
Turnpike Lane,531524,189650,51.590358146027,-0.1027906082273,"3",N15 3NX
Twickenham,516221,173687,51.450250987135,-0.32884583782433,"5",TW1 1BD
Upminster,556167,186833,51.558763325208,0.2514152239117,"6",RM14 2TD
Upminster Bridge,555002,186681,51.557718771685,0.23455631120919,"6",RM12 6PL
Upney,545844,184260,51.538405634701,0.10154616057314,"4",IG11 9LS
Upper Holloway,529778,186630,51.563623319983,-0.12909493917319,"2",N19 4DJ
Upper Warlingham,534100,158383,51.308772263619,-0.077467317417935,"6",CR3 0EP
Upton Park,541204,183931,51.536628195871,0.034556255633226,"3",E13 9AP
Uxbridge,505698,184161,51.546454564696,-0.47708714109832,"6",UB8 1JZ
Vauxhall,530366,177978,51.485735816391,-0.12381555294752,"1,2",SW8 1SR
Victoria,528941,179131,51.496423969876,-0.14390630306143,"1",SW1E 5JX
Waddon,531151,164828,51.367379270921,-0.11737971383443,"5",CR0 4NA
Wallington,528841,163985,51.360331562347,-0.15084947457103,"5",SM6 0DZ
Waltham Cross,536520,200343,51.685257259065,-0.026549794125904,"7",EN8 7LU
Walthamstow Central,537286,188986,51.583018115291,-0.019926114372123,"3",E17 7LP
Walthamstow Queens Road,537020,188815,51.581546193899,-0.0238295131434,"3",E17 7QZ
Wandsworth Common,527719,173530,51.446365623898,-0.16352259346247,"3",SW12 8NL
Wandsworth Road,529354,176226,51.470223218762,-0.13902328072857,"2",SW8 4PA
Wandsworth Town,525985,175119,51.461034098277,-0.18789564563536,"2",SW18 1SU
Wanstead,540685,188176,51.574902145755,0.028774900468403,"4",E11 2NT
Wanstead Park,540592,185600,51.551778074703,0.026404363778733,"3",E7 0HU
Wapping,535030,180170,51.504340322706,-0.055846408737992,"2",E1W 3PA
Warren Street,529253,182272,51.524580005085,-0.13826391949985,"1",NW1 3AA
Warwick Avenue,526158,182030,51.523104457076,-0.18293888140664,"2",W9 2PT
Waterloo,531050,179933,51.503146653078,-0.11324484659974,"1",SE1 7NY
Watford,509579,196610,51.657605146891,-0.41725555293253,"7",WD18 7LE
Watford High Street,511360,196098,51.652653752213,-0.39168227690127,"8",WD17 2EG
Watford Junction,511023,197340,51.663883061474,-0.39615750118974,"",WD17 1ET
Welling,546096,176073,51.464777075182,0.10178943179171,"4",DA16 3AT
Wembley Central,518214,185039,51.551864816194,-0.29637790641578,"4",HA9 6AG
Wembley Park,519373,186341,51.563322491915,-0.27922812839087,"4",HA9 9AA
Wembley Stadium,518924,185366,51.554654605186,-0.28603202522583,"4",HA9 8BQ
West Acton,519394,181273,51.517770184208,-0.28064276561988,"3",W3 6UP
West Brompton,525383,178030,51.487328938205,-0.19552441152812,"2",SW5 9JX
West Croydon,532188,166098,51.378552186111,-0.1020199266263,"5",CR0 2TA
West Drayton,506124,180122,51.510071275994,-0.47216168972777,"6",UB7 9DY
West Dulwich,532798,173053,51.440911831895,-0.090658290563767,"3",SE21 8HN
West Ealing,516690,180749,51.513625243955,-0.31976854613702,"3",W13 0NQ
West Finchley,525507,191601,51.609262750488,-0.1889026706526,"4",N3 1NT
West Ham,539202,182974,51.52852551818,0.0053318072586749,"3",E15 3BN
West Hampstead,525524,184726,51.547474356007,-0.19111216622603,"2",NW6 2LX
West Hampstead Thameslink,525423,184852,51.548629145744,-0.19252310000093,"2",NW6 1XJ
West Harrow,514163,187957,51.578924280955,-0.35383226807134,"5",HA1 4HE
West India Quay,537471,180505,51.506762659668,-0.020568040587805,"2",E14 4ED
West Kensington,524635,178321,51.490109387233,-0.20618929345907,"2",W14 9NL
West Norwood,531956,171955,51.431241127782,-0.10317475212492,"3",SE27 0HS
West Ruislip,508364,186791,51.569587924657,-0.43784571956141,"6",HA4 7WD
West Silvertown,540455,180155,51.502884431544,0.022260451989289,"3",E16 2AT
West Sutton,525081,164539,51.366150159758,-0.20463018612991,"5",SM1 2EH
West Wickham,538266,166563,51.381284202527,-0.014561963270977,"5",BR4 0PY
Westbourne Park,524920,181764,51.520988865484,-0.20086810419124,"2",W11 1AB
Westcombe Park,540199,178103,51.484508893293,0.017760099794534,"3",SE3 7EQ
Westferry,537064,180814,51.509638150617,-0.026308729670621,"2",E14 8AD
Westminster,530240,179718,51.501401606172,-0.12498767440679,"1",SW1A 2JR
White City,523296,180750,51.512232464701,-0.22461752326457,"2",W12 7RH
White Hart Lane,533693,191340,51.605034779059,-0.07085588920127,"3",N17 7RP
Whitechapel,534738,181859,51.519587792346,-0.059406074587337,"2",E1 1BY
Whitton,514220,173568,51.449588234079,-0.35766767257282,"5",TW2 7LG
Whyteleafe,533842,158505,51.309929327757,-0.081120820529126,"6",CR3 0AD
Whyteleafe South,534169,157797,51.30348981231,-0.076698171894698,"6",CR3 0BD
Willesden Green,523350,184884,51.549373313232,-0.22239318421442,"2,3",NW2 4QT
Willesden Junction,521905,182942,51.532233992929,-0.2438947288224,"3",NW10 4RA
Wimbledon,524791,170647,51.421107869794,-0.20664845638008,"3",SW19 1PS
Wimbledon Chase,524306,169347,51.409530957999,-0.21407539384331,"3",SW20 8DB
Wimbledon Park,525274,172158,51.434580976538,-0.19917189150183,"3",SW19 7DZ
Winchmore Hill,531529,194494,51.633886871044,-0.10090248655044,"4",N21 3NG
Wood Green,531038,190427,51.597453741251,-0.10951215426353,"3",N22 8HH
Wood Lane,523314,180464,51.509658221839,-0.2244582012666,"2",W12 7DS
Wood Street,538521,189426,51.586669943719,-0.0019394662016431,"4",E17 3NZ
Woodford,540952,191778,51.607201839663,0.034070640659794,"4",IG8 7QE
Woodgrange Park,541861,185332,51.549052529247,0.044586916011772,"3,4",E7 8AA
Woodmansterne,528720,159385,51.319018597795,-0.154247780889,"6",CR5 3HS
Woodside Park,525725,192564,51.617868422141,-0.185411063095,"4",N12 8SE
Woolwich Arsenal,543754,178803,51.489907107526,0.069208307647642,"4",SE18 6HX
Woolwich Dockyard,542738,178908,51.491107787563,0.054626749936269,"3",SE18 5JY
Worcester Park,522192,166133,51.381104516868,-0.24556092484593,"4",KT4 7ND
